_id,username,password,__v
6495431a3363896e3cac5226,XYZ,$2b$10$Q39Nvh/hJ4H8JIvUYFyf0ubwnyvO7Pk35/aQJqWHhU1vQBIZc9XqW,0
6498fb2f28183d46d9413ced,ABC,$2b$10$xkuXZrP58Mq.5jBfYOUwYemryNy.I/lYcMje7SdHrYzkDj/o9EIty,0
64990176e247bf362fd75aae,user1,$2b$10$xurE3qecp/EwodRlpr5BtO99zQGmOi.4Bf/UDjGN1jf1TJdxiAJ4i,0
64990176e247bf362fd75ab1,user2,$2b$10$UsPQ3MA9JAdgMqX6tklmjOu5FfqpBQG82UILYN2ozRNWv7q3.aYD2,0
64990176e247bf362fd75ab4,user3,$2b$10$Pw1eNqTkwYL5qCWE47Ms.eME4zmcCT40KMuusIjMaC1pKJ208e3Rq,0
64990176e247bf362fd75ab7,user4,$2b$10$85H9l7AoOfxXe0TV5eW2huzXLeZq4HD4DrPXC1zQI40ldVGHoPUem,0
64990176e247bf362fd75aba,user5,$2b$10$/mP6/8vCrGV4lrVzD.Ntbu8uX0Zlk7m2EE1qVq72XyMVhBBjVdo4i,0
64990177e247bf362fd75abd,user6,$2b$10$bmUefH4DdSmMvfud8xdgeOE9uRxKz9NH8QUzxQ0mWV3tuiEm.VXkm,0
64990177e247bf362fd75ac0,user7,$2b$10$6FUtdi8Yg6O6XlVTAdCyd.sbWApcI87L1x1bzWAMxCF/iHD5nWQIi,0
64990177e247bf362fd75ac3,user8,$2b$10$M6hoY6PMxL366fnVIGIkIu8sepVfuRZFxZ6JoP/9RLilnWjaeieBm,0
64990177e247bf362fd75ac6,user9,$2b$10$YMS.3tArODX1oU9lAXTEO.q3Zb282FplEqEZPjYPqliuwu75UE77.,0
64990177e247bf362fd75ac9,user10,$2b$10$.NWbBxyJ./ct3W1IKR4GlOU9bQAlwhFurRn5gYG9ibnKv7EXTWpDu,0
64990177e247bf362fd75acc,user11,$2b$10$l3mow8q3HLELNw.EFHZs6elf4KipsA.dFVkm2PIuvSfkOHanL5Rse,0
64990177e247bf362fd75acf,user12,$2b$10$/9.XoJNDezW9nOOI6jFx0e9U/KvX027R3r7OFoqjdWRkvgpTW7ooS,0
64990177e247bf362fd75ad2,user13,$2b$10$46DqmO9yfxFYAbQ3Heqn.OMkJ67eskJF./uZLya86bvuTcOczbGUK,0
64990177e247bf362fd75ad5,user14,$2b$10$kCELA0dgofgnVUgBUGP6luV3tIK6BcIBGeiE2aSgMbuUXMQIPrchG,0
64990177e247bf362fd75ad8,user15,$2b$10$1JzyLaQQ3R29ZSu9Esw7eecal0j2LFC2r.bpXq.Z5q8bkMn9rQmt2,0
64990178e247bf362fd75adb,user16,$2b$10$JNPc9rP0N5kXEd9sLfYcAeNZP4J8new7lecT8GqNFMaT7FEfcD37m,0
64990178e247bf362fd75ade,user17,$2b$10$W8l0If5G9KxO9CDp/4KvtuN0Id/xWDtS4x.WI1Drt5teQu0GYN4Dq,0
64990178e247bf362fd75ae1,user18,$2b$10$cIqcnCCVNEcp6TekGfr8o.OQqht9lpsY9eyftA1j7mQINW7dCAoKa,0
64990178e247bf362fd75ae4,user19,$2b$10$HWIOQE5.ZfKEBgrvno/4Y.rXJDjcin8vfKad8T2PXwfJsItfkmky2,0
64990178e247bf362fd75ae7,user20,$2b$10$nPH9eri1Div/kAjfcxA1S.P.HWGd/8NTrHW2gDUlTTUEKhKb0q8Ue,0
64990178e247bf362fd75aea,user21,$2b$10$AdhAbib2sBsgHnF.j35TpOQ17sUNrOdRfaT6VRWUoGwo8XxRtme6S,0
64990178e247bf362fd75aed,user22,$2b$10$mlDyB./Me3CHH7L/0Zebue3O.9vK2V/gBtO8nZFPkKrPb24gFnvIS,0
64990178e247bf362fd75af0,user23,$2b$10$c83aOGWW8iPyey3voWk9w.A4AvCVAD5NL1y1Az2cvx0nREp/hsMcK,0
64990179e247bf362fd75af3,user24,$2b$10$1H4K2c8ljL42RMVwPB9R3uUuMEdsK0am2zOt9zlCoOFji7iTzZcue,0
64990179e247bf362fd75af6,user25,$2b$10$710Mz/z7r3JCTwe7.M4cQ.11QKxqTII614NoF.t8W8Edm9eWvph9q,0
64990179e247bf362fd75af9,user26,$2b$10$Y.kW3QT/oW3CNZzmz7TOweFU4asRJPxnM0Mzyj1mtUQPPi3cUgmhG,0
64990179e247bf362fd75afc,user27,$2b$10$Tv8Tf8dxkJi1XdbZ2I5VNekXmJVVRE29jSiu0CVFqO8JQZz7Z.0ZW,0
64990179e247bf362fd75aff,user28,$2b$10$T8tQzQG.gllRGVaERx1/4.Y44waracdw.YRNSM7dClM3Dcpa01rTG,0
64990179e247bf362fd75b02,user29,$2b$10$kMK9HOeE63heoI0Ptiqp1eHs5gQCqXZUOtTzhtyjoLWU2EXTEVySi,0
64990179e247bf362fd75b05,user30,$2b$10$HjnoAirjTv4W3XIQ1UN/LuZriayYtUbu9lCaxXkm3zxV4bt0.O986,0
649909e628183d46d9413cf2,AGAM,AGAM,0
